{
  "settings": {
    "sampling": "round",
    "seeds": [
      66
    ],
    "nsga2_backend": "pymoo",
    "hv_reference": [
      6.0,
      6.0
    ],
    "hv_reference_x2": [
      6.0,
      12.0
    ],
    "beta": 0.9,
    "b_solutions": 1000,
    "w_sampling": "uniform",
    "w_exponent": 0.4
  },
  "hypervolume": {
    "ECSPNet": [
      0.7991662460553255,
      0.6113892920129184,
      0.6830557660237646
    ],
    "Greedy": [
      0.7949997186660767,
      0.6083338260650635,
      0.6452784538269043
    ],
    "NSGA-II(100x100)": [
      0.7969448226341473,
      0.6172225920341129,
      0.6736118541799638
    ],
    "NSGA-II(300x300)": [
      0.8241673308519002,
      0.6425009977764005,
      0.6780565944552224
    ],
    "NSGA-II(1000x1000)": [
      0.8286119919965785,
      0.6541682530440696,
      0.6927798793432953
    ]
  },
  "hypervolume_x2": {
    "ECSPNet": [
      0.7991662460553255,
      0.6113892920129184,
      0.6830557660237646
    ],
    "Greedy": [
      0.7949997186660767,
      0.6083338260650635,
      0.6452784538269043
    ],
    "NSGA-II(100x100)": [
      0.7969448226341473,
      0.6172225920341129,
      0.6736118541799638
    ],
    "NSGA-II(300x300)": [
      0.8241673308519002,
      0.6425009977764005,
      0.6780565944552224
    ],
    "NSGA-II(1000x1000)": [
      0.8286119919965785,
      0.6541682530440696,
      0.6927798793432953
    ]
  },
  "c_metric": {
    "ECSPNet": {
      "C(A,B)": [],
      "C(B,A)": []
    },
    "Greedy": {
      "C(A,B)": [],
      "C(B,A)": []
    },
    "NSGA-II(100x100)": {
      "C(A,B)": [],
      "C(B,A)": []
    },
    "NSGA-II(300x300)": {
      "C(A,B)": [],
      "C(B,A)": []
    },
    "NSGA-II(1000x1000)": {
      "C(A,B)": [],
      "C(B,A)": []
    }
  },
  "solution_times": {
    "ECSPNet": [
      16.753891706466675,
      18.93294596672058,
      25.45747208595276
    ],
    "Greedy": [
      135.86176800727844,
      142.66859698295593,
      1685.83105802536
    ],
    "NSGA-II(100x100)": [
      6.579955101013184,
      7.321008920669556,
      7.248239994049072
    ],
    "NSGA-II(300x300)": [
      59.653066873550415,
      65.57699203491211,
      64.16015124320984
    ],
    "NSGA-II(1000x1000)": [
      1478.087569952011,
      729.0709481239319,
      714.2057521343231
    ]
  }
}