{
  "settings": {
    "sampling": "round",
    "seeds": [
      66
    ],
    "nsga2_backend": "pymoo",
    "hv_reference": [
      12.0,
      6.0
    ],
    "hv_reference_x2": [
      12.0,
      12.0
    ],
    "beta": 0.9,
    "b_solutions": 1000,
    "w_sampling": "uniform",
    "w_exponent": 0.4
  },
  "hypervolume": {
    "ECSPNet": [
      0.8431938208138988,
      0.7029166389156806,
      0.7469445744464132
    ],
    "Greedy": [
      0.8391665816307068,
      0.6791670322418213,
      0.7059729099273682
    ],
    "NSGA-II(100x100)": [
      0.8298610301473056,
      0.6852780989142353,
      0.7127778909914456
    ],
    "NSGA-II(300x300)": [
      0.8556938994569998,
      0.7062507829692524,
      0.7130560205673958
    ],
    "NSGA-II(1000x1000)": [
      0.855139351038495,
      0.7101398897763384,
      0.7461122286553186
    ]
  },
  "hypervolume_x2": {
    "ECSPNet": [
      0.8431938208138988,
      0.7029166389156806,
      0.7469445744464132
    ],
    "Greedy": [
      0.8391665816307068,
      0.6791670322418213,
      0.7059729099273682
    ],
    "NSGA-II(100x100)": [
      0.8298610301473056,
      0.6852780989142353,
      0.7127778909914456
    ],
    "NSGA-II(300x300)": [
      0.8556938994569998,
      0.7062507829692524,
      0.7130560205673958
    ],
    "NSGA-II(1000x1000)": [
      0.855139351038495,
      0.7101398897763384,
      0.7461122286553186
    ]
  },
  "c_metric": {
    "ECSPNet": {
      "C(A,B)": [],
      "C(B,A)": []
    },
    "Greedy": {
      "C(A,B)": [],
      "C(B,A)": []
    },
    "NSGA-II(100x100)": {
      "C(A,B)": [],
      "C(B,A)": []
    },
    "NSGA-II(300x300)": {
      "C(A,B)": [],
      "C(B,A)": []
    },
    "NSGA-II(1000x1000)": {
      "C(A,B)": [],
      "C(B,A)": []
    }
  },
  "solution_times": {
    "ECSPNet": [
      15.183738708496094,
      16.484246015548706,
      17.639766693115234
    ],
    "Greedy": [
      134.487144947052,
      136.7206699848175,
      137.6934859752655
    ],
    "NSGA-II(100x100)": [
      6.42173433303833,
      6.5948100090026855,
      6.720774173736572
    ],
    "NSGA-II(300x300)": [
      58.25583291053772,
      59.6130530834198,
      61.22059988975525
    ],
    "NSGA-II(1000x1000)": [
      702.4581067562103,
      712.3356900215149,
      727.0090110301971
    ]
  }
}