{
  "settings": {
    "sampling": "round",
    "seeds": [
      33
    ],
    "nsga2_backend": "pymoo",
    "hv_reference": [
      12.0,
      6.0
    ],
    "hv_reference_x2": [
      12.0,
      12.0
    ],
    "beta": 0.9,
    "b_solutions": 1000,
    "w_sampling": "uniform",
    "w_exponent": 0.4
  },
  "hypervolume": {
    "ECSPNet": [
      0.7490278096000778,
      0.6527781254691235,
      0.7641668610096484
    ],
    "Greedy": [
      0.7112499758933922,
      0.6368059039130607,
      0.7652780413627625
    ],
    "NSGA-II(100x100)": [
      0.7001385197368282,
      0.6336114862555324,
      0.7412506379021271
    ],
    "NSGA-II(300x300)": [
      0.7356952460909985,
      0.6245847845032727,
      0.7636117828516087
    ],
    "NSGA-II(1000x1000)": [
      0.7501395401312215,
      0.6712507872994501,
      0.77430651699926
    ]
  },
  "hypervolume_x2": {
    "ECSPNet": [
      0.7490278096000778,
      0.6527781254691235,
      0.7641668610096484
    ],
    "Greedy": [
      0.7112499758933922,
      0.6368059039130607,
      0.7652780413627625
    ],
    "NSGA-II(100x100)": [
      0.7001385197368282,
      0.6336114862555324,
      0.7412506379021271
    ],
    "NSGA-II(300x300)": [
      0.7356952460909985,
      0.6245847845032727,
      0.7636117828516087
    ],
    "NSGA-II(1000x1000)": [
      0.7501395401312215,
      0.6712507872994501,
      0.77430651699926
    ]
  },
  "c_metric": {
    "ECSPNet": {
      "C(A,B)": [],
      "C(B,A)": []
    },
    "Greedy": {
      "C(A,B)": [],
      "C(B,A)": []
    },
    "NSGA-II(100x100)": {
      "C(A,B)": [],
      "C(B,A)": []
    },
    "NSGA-II(300x300)": {
      "C(A,B)": [],
      "C(B,A)": []
    },
    "NSGA-II(1000x1000)": {
      "C(A,B)": [],
      "C(B,A)": []
    }
  },
  "solution_times": {
    "ECSPNet": [
      15.622710704803467,
      20.831253051757812,
      22.09925413131714
    ],
    "Greedy": [
      137.48625779151917,
      133.88237380981445,
      138.00794506072998
    ],
    "NSGA-II(100x100)": [
      6.424574136734009,
      6.99515175819397,
      6.551180601119995
    ],
    "NSGA-II(300x300)": [
      59.807257652282715,
      62.83281421661377,
      58.605311155319214
    ],
    "NSGA-II(1000x1000)": [
      718.2301111221313,
      720.8377192020416,
      689.3845179080963
    ]
  }
}